ticker,name,sector,sub_industry,asof,source
MMM,3M,Industrials,Industrial Conglomerates,2026-10-04,"Wikipedia List of S&P 500 companies, retrieved 2026-10-04"
AOS,A. O. Smith,Industrials,Building Products,2026-10-04,"Wikipedia List of S&P 500 companies, retrieved 2026-10-04"
ABT,Abbott Laboratories,Health Care,Health Care Equipment,2026-10-04,"Wikipedia List of S&P 500 companies, retrieved 2026-10-04"
ABBV,AbbVie,Health Care,Biotechnology,2026-10-04,"Wikipedia List of S&P 500 companies, retrieved 2026-10-04"
ACN,Accenture,Information Technology,IT Consulting & Other Services,2026-10-04,"Wikipedia List of S&P 500 companies, retrieved 2026-10-04"
ADBE,Adobe Inc.,Information Technology,Application Software,2026-10-04,"Wikipedia List of S&P 500 companies, retrieved 2026-10-04"
AMD,Advanced Micro Devices,Information Technology,Semiconductors,2026-10-04,"Wikipedia List of S&P 500 companies, retrieved 2026-10-04"
AES,AES Corporation,Utilities,Independent Power Producers & Energy Traders,2026-10-04,"Wikipedia List of S&P 500 companies, retrieved 2026-10-04"
AFL,Aflac,Financials,Life & Health Insurance,2026-10-04,"Wikipedia List of S&P 500 companies, retrieved 2026-10-04"
A,Agilent Technologies,Health Care,Life Sciences Tools & Services,2026-10-04,"Wikipedia List of S&P 500 companies, retrieved 2026-10-04"
APD,Air Products,Materials,Industrial Gases,2026-10-04,"Wikipedia List of S&P 500 companies, retrieved 2026-10-04"
ABNB,Airbnb,Consumer Discretionary,"Hotels, Resorts & Cruise Lines",2026-10-04,"Wikipedia List of S&P 500 companies, retrieved 2026-10-04"
AKAM,Akamai Technologies,Information Technology,Internet Services & Infrastructure,2026-10-04,"Wikipedia List of S&P 500 companies, retrieved 2026-10-04"
ALB,Albemarle Corporation,Materials,Specialty Chemicals,2026-10-04,"Wikipedia List of S&P 500 companies, retrieved 2026-10-04"
ARE,Alexandria Real Estate Equities,Real Estate,Office REITs,2026-10-04,"Wikipedia List of S&P 500 companies, retrieved 2026-10-04"
ALGN,Align Technology,Health Care,Health Care Supplies,2026-10-04,"Wikipedia List of S&P 500 companies, retrieved 2026-10-04"
ALLE,Allegion,Industrials,Building Products,2026-10-04,"Wikipedia List of S&P 500 companies, retrieved 2026-10-04"
LNT,Alliant Energy,Utilities,Electric Utilities,2026-10-04,"Wikipedia List of S&P 500 companies, retrieved 2026-10-04"
ALL,Allstate,Financials,Property & Casualty Insurance,2026-10-04,"Wikipedia List of S&P 500 companies, retrieved 2026-10-04"
GOOGL,Alphabet Inc. (Class A),Communication Services,Interactive Media & Services,2026-10-04,"Wikipedia List of S&P 500 companies, retrieved 2026-10-04"
GOOG,Alphabet Inc. (Class C),Communication Services,Interactive Media & Services,2026-10-04,"Wikipedia List of S&P 500 companies, retrieved 2026-10-04"
MO,Altria,Consumer Staples,Tobacco,2026-10-04,"Wikipedia List of S&P 500 companies, retrieved 2026-10-04"
AMZN,Amazon,Consumer Discretionary,Broadline Retail,2026-10-04,"Wikipedia List of S&P 500 companies, retrieved 2026-10-04"
AMCR,Amcor,Materials,Paper & Plastic Packaging Products & Materials,2026-10-04,"Wikipedia List of S&P 500 companies, retrieved 2026-10-04"
AEE,Ameren,Utilities,Multi-Utilities,2026-10-04,"Wikipedia List of S&P 500 companies, retrieved 2026-10-04"
AEP,American Electric Power,Utilities,Electric Utilities,2026-10-04,"Wikipedia List of S&P 500 companies, retrieved 2026-10-04"
AXP,American Express,Financials,Consumer Finance,2026-10-04,"Wikipedia List of S&P 500 companies, retrieved 2026-10-04"
AIG,American International Group,Financials,Multi-line Insurance,2026-10-04,"Wikipedia List of S&P 500 companies, retrieved 2026-10-04"
AMT,American Tower,Real Estate,Telecom Tower REITs,2026-10-04,"Wikipedia List of S&P 500 companies, retrieved 2026-10-04"
AWK,American Water Works,Utilities,Water Utilities,2026-10-04,"Wikipedia List of S&P 500 companies, retrieved 2026-10-04"
AMP,Ameriprise Financial,Financials,Asset Management & Custody Banks,2026-10-04,"Wikipedia List of S&P 500 companies, retrieved 2026-10-04"
AME,Ametek,Industrials,Electrical Components & Equipment,2026-10-04,"Wikipedia List of S&P 500 companies, retrieved 2026-10-04"
AMGN,Amgen,Health Care,Biotechnology,2026-10-04,"Wikipedia List of S&P 500 companies, retrieved 2026-10-04"
APH,Amphenol,Information Technology,Electronic Components,2026-10-04,"Wikipedia List of S&P 500 companies, retrieved 2026-10-04"
ADI,Analog Devices,Information Technology,Semiconductors,2026-10-04,"Wikipedia List of S&P 500 companies, retrieved 2026-10-04"
AON,Aon plc,Financials,Insurance Brokers,2026-10-04,"Wikipedia List of S&P 500 companies, retrieved 2026-10-04"
APA,APA Corporation,Energy,Oil & Gas Exploration & Production,2026-10-04,"Wikipedia List of S&P 500 companies, retrieved 2026-10-04"
APO,Apollo Global Management,Financials,Asset Management & Custody Banks,2026-10-04,"Wikipedia List of S&P 500 companies, retrieved 2026-10-04"
AAPL,Apple Inc.,Information Technology,"Technology Hardware, Storage & Peripherals",2026-10-04,"Wikipedia List of S&P 500 companies, retrieved 2026-10-04"
AMAT,Applied Materials,Information Technology,Semiconductor Materials & Equipment,2026-10-04,"Wikipedia List of S&P 500 companies, retrieved 2026-10-04"
APP,AppLovin,Communication Services,Advertising,2026-10-04,"Wikipedia List of S&P 500 companies, retrieved 2026-10-04"
APTV,Aptiv,Consumer Discretionary,Automotive Parts & Equipment,2026-10-04,"Wikipedia List of S&P 500 companies, retrieved 2026-10-04"
ACGL,Arch Capital Group,Financials,Property & Casualty Insurance,2026-10-04,"Wikipedia List of S&P 500 companies, retrieved 2026-10-04"
ADM,Archer Daniels Midland,Consumer Staples,Agricultural Products & Services,2026-10-04,"Wikipedia List of S&P 500 companies, retrieved 2026-10-04"
ARES,Ares Management,Financials,Asset Management & Custody Banks,2026-10-04,"Wikipedia List of S&P 500 companies, retrieved 2026-10-04"
ANET,Arista Networks,Information Technology,Communications Equipment,2026-10-04,"Wikipedia List of S&P 500 companies, retrieved 2026-10-04"
AJG,Arthur J. Gallagher & Co.,Financials,Insurance Brokers,2026-10-04,"Wikipedia List of S&P 500 companies, retrieved 2026-10-04"
AIZ,Assurant,Financials,Multi-line Insurance,2026-10-04,"Wikipedia List of S&P 500 companies, retrieved 2026-10-04"
T,AT&T,Communication Services,Integrated Telecommunication Services,2026-10-04,"Wikipedia List of S&P 500 companies, retrieved 2026-10-04"
ATO,Atmos Energy,Utilities,Gas Utilities,2026-10-04,"Wikipedia List of S&P 500 companies, retrieved 2026-10-04"
ADSK,Autodesk,Information Technology,Application Software,2026-10-04,"Wikipedia List of S&P 500 companies, retrieved 2026-10-04"
ADP,Automatic Data Processing,Industrials,Human Resource & Employment Services,2026-10-04,"Wikipedia List of S&P 500 companies, retrieved 2026-10-04"
AZO,AutoZone,Consumer Discretionary,Automotive Retail,2026-10-04,"Wikipedia List of S&P 500 companies, retrieved 2026-10-04"
AVY,Avery Dennison,Materials,Paper & Plastic Packaging Products & Materials,2026-10-04,"Wikipedia List of S&P 500 companies, retrieved 2026-10-04"
AXON,Axon Enterprise,Industrials,Aerospace & Defense,2026-10-04,"Wikipedia List of S&P 500 companies, retrieved 2026-10-04"
BKR,Baker Hughes,Energy,Oil & Gas Equipment & Services,2026-10-04,"Wikipedia List of S&P 500 companies, retrieved 2026-10-04"
BALL,Ball Corporation,Materials,"Metal, Glass & Plastic Containers",2026-10-04,"Wikipedia List of S&P 500 companies, retrieved 2026-10-04"
BAC,Bank of America,Financials,Diversified Banks,2026-10-04,"Wikipedia List of S&P 500 companies, retrieved 2026-10-04"
BAX,Baxter International,Health Care,Health Care Equipment,2026-10-04,"Wikipedia List of S&P 500 companies, retrieved 2026-10-04"
BDX,Becton Dickinson,Health Care,Health Care Equipment,2026-10-04,"Wikipedia List of S&P 500 companies, retrieved 2026-10-04"
BRK-B,Berkshire Hathaway,Financials,Multi-Sector Holdings,2026-10-04,"Wikipedia List of S&P 500 companies, retrieved 2026-10-04"
BBY,Best Buy,Consumer Discretionary,Computer & Electronics Retail,2026-10-04,"Wikipedia List of S&P 500 companies, retrieved 2026-10-04"
TECH,Bio-Techne,Health Care,Life Sciences Tools & Services,2026-10-04,"Wikipedia List of S&P 500 companies, retrieved 2026-10-04"
BIIB,Biogen,Health Care,Biotechnology,2026-10-04,"Wikipedia List of S&P 500 companies, retrieved 2026-10-04"
BLK,BlackRock,Financials,Asset Management & Custody Banks,2026-10-04,"Wikipedia List of S&P 500 companies, retrieved 2026-10-04"
BX,Blackstone Inc.,Financials,Asset Management & Custody Banks,2026-10-04,"Wikipedia List of S&P 500 companies, retrieved 2026-10-04"
XYZ,"Block, Inc.",Financials,Transaction & Payment Processing Services,2026-10-04,"Wikipedia List of S&P 500 companies, retrieved 2026-10-04"
BE,Bloom Energy,Industrials,Electrical Components & Equipment,2026-10-04,"Wikipedia List of S&P 500 companies, retrieved 2026-10-04"
BNY,BNY Mellon,Financials,Asset Management & Custody Banks,2026-10-04,"Wikipedia List of S&P 500 companies, retrieved 2026-10-04"
BA,Boeing,Industrials,Aerospace & Defense,2026-10-04,"Wikipedia List of S&P 500 companies, retrieved 2026-10-04"
BKNG,Booking Holdings,Consumer Discretionary,"Hotels, Resorts & Cruise Lines",2026-10-04,"Wikipedia List of S&P 500 companies, retrieved 2026-10-04"
BSX,Boston Scientific,Health Care,Health Care Equipment,2026-10-04,"Wikipedia List of S&P 500 companies, retrieved 2026-10-04"
BMY,Bristol Myers Squibb,Health Care,Pharmaceuticals,2026-10-04,"Wikipedia List of S&P 500 companies, retrieved 2026-10-04"
AVGO,Broadcom,Information Technology,Semiconductors,2026-10-04,"Wikipedia List of S&P 500 companies, retrieved 2026-10-04"
BR,Broadridge Financial Solutions,Industrials,Data Processing & Outsourced Services,2026-10-04,"Wikipedia List of S&P 500 companies, retrieved 2026-10-04"
BRO,Brown & Brown,Financials,Insurance Brokers,2026-10-04,"Wikipedia List of S&P 500 companies, retrieved 2026-10-04"
BF-B,Brown–Forman,Consumer Staples,Distillers & Vintners,2026-10-04,"Wikipedia List of S&P 500 companies, retrieved 2026-10-04"
BG,Bunge Global,Consumer Staples,Agricultural Products & Services,2026-10-04,"Wikipedia List of S&P 500 companies, retrieved 2026-10-04"
BXP,"BXP, Inc.",Real Estate,Office REITs,2026-10-04,"Wikipedia List of S&P 500 companies, retrieved 2026-10-04"
CHRW,C.H. Robinson,Industrials,Air Freight & Logistics,2026-10-04,"Wikipedia List of S&P 500 companies, retrieved 2026-10-04"
CDNS,Cadence Design Systems,Information Technology,Application Software,2026-10-04,"Wikipedia List of S&P 500 companies, retrieved 2026-10-04"
CPT,Camden Property Trust,Real Estate,Multi-Family Residential REITs,2026-10-04,"Wikipedia List of S&P 500 companies, retrieved 2026-10-04"
COF,Capital One,Financials,Consumer Finance,2026-10-04,"Wikipedia List of S&P 500 companies, retrieved 2026-10-04"
CAH,Cardinal Health,Health Care,Health Care Distributors,2026-10-04,"Wikipedia List of S&P 500 companies, retrieved 2026-10-04"
CCL,Carnival Corporation,Consumer Discretionary,"Hotels, Resorts & Cruise Lines",2026-10-04,"Wikipedia List of S&P 500 companies, retrieved 2026-10-04"
CARR,Carrier Global,Industrials,Building Products,2026-10-04,"Wikipedia List of S&P 500 companies, retrieved 2026-10-04"
CVNA,Carvana,Consumer Discretionary,Automotive Retail,2026-10-04,"Wikipedia List of S&P 500 companies, retrieved 2026-10-04"
CASY,Casey's,Consumer Staples,Food Retail,2026-10-04,"Wikipedia List of S&P 500 companies, retrieved 2026-10-04"
CAT,Caterpillar Inc.,Industrials,Construction Machinery & Heavy Transportation Equipment,2026-10-04,"Wikipedia List of S&P 500 companies, retrieved 2026-10-04"
CBOE,Cboe Global Markets,Financials,Financial Exchanges & Data,2026-10-04,"Wikipedia List of S&P 500 companies, retrieved 2026-10-04"
CBRE,CBRE Group,Real Estate,Real Estate Services,2026-10-04,"Wikipedia List of S&P 500 companies, retrieved 2026-10-04"
CDW,CDW Corporation,Information Technology,Technology Distributors,2026-10-04,"Wikipedia List of S&P 500 companies, retrieved 2026-10-04"
COR,Cencora,Health Care,Health Care Distributors,2026-10-04,"Wikipedia List of S&P 500 companies, retrieved 2026-10-04"
CNC,Centene Corporation,Health Care,Managed Health Care,2026-10-04,"Wikipedia List of S&P 500 companies, retrieved 2026-10-04"
CNP,CenterPoint Energy,Utilities,Multi-Utilities,2026-10-04,"Wikipedia List of S&P 500 companies, retrieved 2026-10-04"
CF,CF Industries,Materials,Fertilizers & Agricultural Chemicals,2026-10-04,"Wikipedia List of S&P 500 companies, retrieved 2026-10-04"
CRL,Charles River Laboratories,Health Care,Life Sciences Tools & Services,2026-10-04,"Wikipedia List of S&P 500 companies, retrieved 2026-10-04"
SCHW,Charles Schwab Corporation,Financials,Investment Banking & Brokerage,2026-10-04,"Wikipedia List of S&P 500 companies, retrieved 2026-10-04"
CHTR,Charter Communications,Communication Services,Cable & Satellite,2026-10-04,"Wikipedia List of S&P 500 companies, retrieved 2026-10-04"
CVX,Chevron Corporation,Energy,Integrated Oil & Gas,2026-10-04,"Wikipedia List of S&P 500 companies, retrieved 2026-10-04"
CMG,Chipotle Mexican Grill,Consumer Discretionary,Restaurants,2026-10-04,"Wikipedia List of S&P 500 companies, retrieved 2026-10-04"
CB,Chubb Limited,Financials,Property & Casualty Insurance,2026-10-04,"Wikipedia List of S&P 500 companies, retrieved 2026-10-04"
CHD,Church & Dwight,Consumer Staples,Household Products,2026-10-04,"Wikipedia List of S&P 500 companies, retrieved 2026-10-04"
CIEN,Ciena,Information Technology,Communications Equipment,2026-10-04,"Wikipedia List of S&P 500 companies, retrieved 2026-10-04"
CI,Cigna,Health Care,Health Care Services,2026-10-04,"Wikipedia List of S&P 500 companies, retrieved 2026-10-04"
CINF,Cincinnati Financial,Financials,Property & Casualty Insurance,2026-10-04,"Wikipedia List of S&P 500 companies, retrieved 2026-10-04"
CTAS,Cintas,Industrials,Diversified Support Services,2026-10-04,"Wikipedia List of S&P 500 companies, retrieved 2026-10-04"
CSCO,Cisco,Information Technology,Communications Equipment,2026-10-04,"Wikipedia List of S&P 500 companies, retrieved 2026-10-04"
C,Citigroup,Financials,Diversified Banks,2026-10-04,"Wikipedia List of S&P 500 companies, retrieved 2026-10-04"
CFG,Citizens Financial Group,Financials,Regional Banks,2026-10-04,"Wikipedia List of S&P 500 companies, retrieved 2026-10-04"
CLX,Clorox,Consumer Staples,Household Products,2026-10-04,"Wikipedia List of S&P 500 companies, retrieved 2026-10-04"
CME,CME Group,Financials,Financial Exchanges & Data,2026-10-04,"Wikipedia List of S&P 500 companies, retrieved 2026-10-04"
CMS,CMS Energy,Utilities,Multi-Utilities,2026-10-04,"Wikipedia List of S&P 500 companies, retrieved 2026-10-04"
KO,Coca-Cola Company (The),Consumer Staples,Soft Drinks & Non-alcoholic Beverages,2026-10-04,"Wikipedia List of S&P 500 companies, retrieved 2026-10-04"
CTSH,Cognizant,Information Technology,IT Consulting & Other Services,2026-10-04,"Wikipedia List of S&P 500 companies, retrieved 2026-10-04"
COHR,Coherent Corp.,Information Technology,Electronic Components,2026-10-04,"Wikipedia List of S&P 500 companies, retrieved 2026-10-04"
COIN,Coinbase,Financials,Financial Exchanges & Data,2026-10-04,"Wikipedia List of S&P 500 companies, retrieved 2026-10-04"
CL,Colgate-Palmolive,Consumer Staples,Household Products,2026-10-04,"Wikipedia List of S&P 500 companies, retrieved 2026-10-04"
CMCSA,Comcast,Communication Services,Cable & Satellite,2026-10-04,"Wikipedia List of S&P 500 companies, retrieved 2026-10-04"
FIX,Comfort Systems USA,Industrials,Construction & Engineering,2026-10-04,"Wikipedia List of S&P 500 companies, retrieved 2026-10-04"
COP,ConocoPhillips,Energy,Oil & Gas Exploration & Production,2026-10-04,"Wikipedia List of S&P 500 companies, retrieved 2026-10-04"
ED,Consolidated Edison,Utilities,Multi-Utilities,2026-10-04,"Wikipedia List of S&P 500 companies, retrieved 2026-10-04"
STZ,Constellation Brands,Consumer Staples,Distillers & Vintners,2026-10-04,"Wikipedia List of S&P 500 companies, retrieved 2026-10-04"
CEG,Constellation Energy,Utilities,Electric Utilities,2026-10-04,"Wikipedia List of S&P 500 companies, retrieved 2026-10-04"
COO,Cooper Companies (The),Health Care,Health Care Supplies,2026-10-04,"Wikipedia List of S&P 500 companies, retrieved 2026-10-04"
CPRT,Copart,Industrials,Diversified Support Services,2026-10-04,"Wikipedia List of S&P 500 companies, retrieved 2026-10-04"
GLW,Corning Inc.,Information Technology,Electronic Components,2026-10-04,"Wikipedia List of S&P 500 companies, retrieved 2026-10-04"
CPAY,Corpay,Financials,Transaction & Payment Processing Services,2026-10-04,"Wikipedia List of S&P 500 companies, retrieved 2026-10-04"
CTVA,Corteva,Materials,Fertilizers & Agricultural Chemicals,2026-10-04,"Wikipedia List of S&P 500 companies, retrieved 2026-10-04"
CSGP,CoStar Group,Real Estate,Real Estate Services,2026-10-04,"Wikipedia List of S&P 500 companies, retrieved 2026-10-04"
COST,Costco,Consumer Staples,Consumer Staples Merchandise Retail,2026-10-04,"Wikipedia List of S&P 500 companies, retrieved 2026-10-04"
CRH,CRH plc,Materials,Construction Materials,2026-10-04,"Wikipedia List of S&P 500 companies, retrieved 2026-10-04"
CRWD,CrowdStrike,Information Technology,Systems Software,2026-10-04,"Wikipedia List of S&P 500 companies, retrieved 2026-10-04"
CCI,Crown Castle,Real Estate,Telecom Tower REITs,2026-10-04,"Wikipedia List of S&P 500 companies, retrieved 2026-10-04"
CSX,CSX Corporation,Industrials,Rail Transportation,2026-10-04,"Wikipedia List of S&P 500 companies, retrieved 2026-10-04"
CMI,Cummins,Industrials,Construction Machinery & Heavy Transportation Equipment,2026-10-04,"Wikipedia List of S&P 500 companies, retrieved 2026-10-04"
CVS,CVS Health,Health Care,Health Care Services,2026-10-04,"Wikipedia List of S&P 500 companies, retrieved 2026-10-04"
DHR,Danaher Corporation,Health Care,Life Sciences Tools & Services,2026-10-04,"Wikipedia List of S&P 500 companies, retrieved 2026-10-04"
DRI,Darden Restaurants,Consumer Discretionary,Restaurants,2026-10-04,"Wikipedia List of S&P 500 companies, retrieved 2026-10-04"
DDOG,Datadog,Information Technology,Application Software,2026-10-04,"Wikipedia List of S&P 500 companies, retrieved 2026-10-04"
DVA,DaVita,Health Care,Health Care Services,2026-10-04,"Wikipedia List of S&P 500 companies, retrieved 2026-10-04"
DECK,Deckers Brands,Consumer Discretionary,Footwear,2026-10-04,"Wikipedia List of S&P 500 companies, retrieved 2026-10-04"
DE,Deere & Company,Industrials,Agricultural & Farm Machinery,2026-10-04,"Wikipedia List of S&P 500 companies, retrieved 2026-10-04"
DELL,Dell Technologies,Information Technology,"Technology Hardware, Storage & Peripherals",2026-10-04,"Wikipedia List of S&P 500 companies, retrieved 2026-10-04"
DAL,Delta Air Lines,Industrials,Passenger Airlines,2026-10-04,"Wikipedia List of S&P 500 companies, retrieved 2026-10-04"
DVN,Devon Energy,Energy,Oil & Gas Exploration & Production,2026-10-04,"Wikipedia List of S&P 500 companies, retrieved 2026-10-04"
DXCM,Dexcom,Health Care,Health Care Equipment,2026-10-04,"Wikipedia List of S&P 500 companies, retrieved 2026-10-04"
FANG,Diamondback Energy,Energy,Oil & Gas Exploration & Production,2026-10-04,"Wikipedia List of S&P 500 companies, retrieved 2026-10-04"
DLR,Digital Realty,Real Estate,Data Center REITs,2026-10-04,"Wikipedia List of S&P 500 companies, retrieved 2026-10-04"
DG,Dollar General,Consumer Staples,Consumer Staples Merchandise Retail,2026-10-04,"Wikipedia List of S&P 500 companies, retrieved 2026-10-04"
DLTR,Dollar Tree,Consumer Staples,Consumer Staples Merchandise Retail,2026-10-04,"Wikipedia List of S&P 500 companies, retrieved 2026-10-04"
D,Dominion Energy,Utilities,Multi-Utilities,2026-10-04,"Wikipedia List of S&P 500 companies, retrieved 2026-10-04"
DPZ,Domino's,Consumer Discretionary,Restaurants,2026-10-04,"Wikipedia List of S&P 500 companies, retrieved 2026-10-04"
DASH,DoorDash,Consumer Discretionary,Specialized Consumer Services,2026-10-04,"Wikipedia List of S&P 500 companies, retrieved 2026-10-04"
DOV,Dover Corporation,Industrials,Industrial Machinery & Supplies & Components,2026-10-04,"Wikipedia List of S&P 500 companies, retrieved 2026-10-04"
DOW,Dow Inc.,Materials,Commodity Chemicals,2026-10-04,"Wikipedia List of S&P 500 companies, retrieved 2026-10-04"
DHI,D. R. Horton,Consumer Discretionary,Homebuilding,2026-10-04,"Wikipedia List of S&P 500 companies, retrieved 2026-10-04"
DTE,DTE Energy,Utilities,Multi-Utilities,2026-10-04,"Wikipedia List of S&P 500 companies, retrieved 2026-10-04"
DUK,Duke Energy,Utilities,Electric Utilities,2026-10-04,"Wikipedia List of S&P 500 companies, retrieved 2026-10-04"
DD,DuPont,Industrials,Industrial Conglomerates,2026-10-04,"Wikipedia List of S&P 500 companies, retrieved 2026-10-04"
ETN,Eaton Corporation,Industrials,Electrical Components & Equipment,2026-10-04,"Wikipedia List of S&P 500 companies, retrieved 2026-10-04"
EBAY,eBay Inc.,Consumer Discretionary,Broadline Retail,2026-10-04,"Wikipedia List of S&P 500 companies, retrieved 2026-10-04"
ECHO,EchoStar,Communication Services,Wireless Telecommunication Services,2026-10-04,"Wikipedia List of S&P 500 companies, retrieved 2026-10-04"
ECL,Ecolab,Materials,Specialty Chemicals,2026-10-04,"Wikipedia List of S&P 500 companies, retrieved 2026-10-04"
EIX,Edison International,Utilities,Electric Utilities,2026-10-04,"Wikipedia List of S&P 500 companies, retrieved 2026-10-04"
EW,Edwards Lifesciences,Health Care,Health Care Equipment,2026-10-04,"Wikipedia List of S&P 500 companies, retrieved 2026-10-04"
ELV,Elevance Health,Health Care,Managed Health Care,2026-10-04,"Wikipedia List of S&P 500 companies, retrieved 2026-10-04"
EME,Emcor,Industrials,Construction & Engineering,2026-10-04,"Wikipedia List of S&P 500 companies, retrieved 2026-10-04"
EMR,Emerson Electric,Industrials,Electrical Components & Equipment,2026-10-04,"Wikipedia List of S&P 500 companies, retrieved 2026-10-04"
ETR,Entergy,Utilities,Electric Utilities,2026-10-04,"Wikipedia List of S&P 500 companies, retrieved 2026-10-04"
EOG,EOG Resources,Energy,Oil & Gas Exploration & Production,2026-10-04,"Wikipedia List of S&P 500 companies, retrieved 2026-10-04"
EQT,EQT Corporation,Energy,Oil & Gas Exploration & Production,2026-10-04,"Wikipedia List of S&P 500 companies, retrieved 2026-10-04"
EFX,Equifax,Industrials,Research & Consulting Services,2026-10-04,"Wikipedia List of S&P 500 companies, retrieved 2026-10-04"
EQIX,Equinix,Real Estate,Data Center REITs,2026-10-04,"Wikipedia List of S&P 500 companies, retrieved 2026-10-04"
ERIE,Erie Indemnity,Financials,Insurance Brokers,2026-10-04,"Wikipedia List of S&P 500 companies, retrieved 2026-10-04"
ESS,Essex Property Trust,Real Estate,Multi-Family Residential REITs,2026-10-04,"Wikipedia List of S&P 500 companies, retrieved 2026-10-04"
EL,Estée Lauder Companies (The),Consumer Staples,Personal Care Products,2026-10-04,"Wikipedia List of S&P 500 companies, retrieved 2026-10-04"
EG,Everest Group,Financials,Reinsurance,2026-10-04,"Wikipedia List of S&P 500 companies, retrieved 2026-10-04"
EVRG,Evergy,Utilities,Electric Utilities,2026-10-04,"Wikipedia List of S&P 500 companies, retrieved 2026-10-04"
P,Everpure,Information Technology,"Technology Hardware, Storage & Peripherals",2026-10-04,"Wikipedia List of S&P 500 companies, retrieved 2026-10-04"
ES,Eversource Energy,Utilities,Electric Utilities,2026-10-04,"Wikipedia List of S&P 500 companies, retrieved 2026-10-04"
EXC,Exelon,Utilities,Electric Utilities,2026-10-04,"Wikipedia List of S&P 500 companies, retrieved 2026-10-04"
EXE,Expand Energy,Energy,Oil & Gas Exploration & Production,2026-10-04,"Wikipedia List of S&P 500 companies, retrieved 2026-10-04"
EXPE,Expedia Group,Consumer Discretionary,"Hotels, Resorts & Cruise Lines",2026-10-04,"Wikipedia List of S&P 500 companies, retrieved 2026-10-04"
EXPD,Expeditors International,Industrials,Air Freight & Logistics,2026-10-04,"Wikipedia List of S&P 500 companies, retrieved 2026-10-04"
EXR,Extra Space Storage,Real Estate,Self-Storage REITs,2026-10-04,"Wikipedia List of S&P 500 companies, retrieved 2026-10-04"
XOM,ExxonMobil,Energy,Integrated Oil & Gas,2026-10-04,"Wikipedia List of S&P 500 companies, retrieved 2026-10-04"
FFIV,"F5, Inc.",Information Technology,Communications Equipment,2026-10-04,"Wikipedia List of S&P 500 companies, retrieved 2026-10-04"
FDS,FactSet,Financials,Financial Exchanges & Data,2026-10-04,"Wikipedia List of S&P 500 companies, retrieved 2026-10-04"
FICO,Fair Isaac,Information Technology,Application Software,2026-10-04,"Wikipedia List of S&P 500 companies, retrieved 2026-10-04"
FAST,Fastenal,Industrials,Trading Companies & Distributors,2026-10-04,"Wikipedia List of S&P 500 companies, retrieved 2026-10-04"
FRT,Federal Realty Investment Trust,Real Estate,Retail REITs,2026-10-04,"Wikipedia List of S&P 500 companies, retrieved 2026-10-04"
FDX,FedEx,Industrials,Air Freight & Logistics,2026-10-04,"Wikipedia List of S&P 500 companies, retrieved 2026-10-04"
FDXF,FedEx Freight,Industrials,Cargo Ground Transportation,2026-10-04,"Wikipedia List of S&P 500 companies, retrieved 2026-10-04"
FERG,Ferguson Enterprises,Industrials,Trading Companies & Distributors,2026-10-04,"Wikipedia List of S&P 500 companies, retrieved 2026-10-04"
FIS,Fidelity National Information Services,Financials,Transaction & Payment Processing Services,2026-10-04,"Wikipedia List of S&P 500 companies, retrieved 2026-10-04"
FITB,Fifth Third Bancorp,Financials,Regional Banks,2026-10-04,"Wikipedia List of S&P 500 companies, retrieved 2026-10-04"
FSLR,First Solar,Information Technology,Semiconductors,2026-10-04,"Wikipedia List of S&P 500 companies, retrieved 2026-10-04"
FE,FirstEnergy,Utilities,Electric Utilities,2026-10-04,"Wikipedia List of S&P 500 companies, retrieved 2026-10-04"
FISV,Fiserv,Financials,Transaction & Payment Processing Services,2026-10-04,"Wikipedia List of S&P 500 companies, retrieved 2026-10-04"
FLEX,Flex Ltd.,Information Technology,Electronic Manufacturing Services,2026-10-04,"Wikipedia List of S&P 500 companies, retrieved 2026-10-04"
F,Ford Motor Company,Consumer Discretionary,Automobile Manufacturers,2026-10-04,"Wikipedia List of S&P 500 companies, retrieved 2026-10-04"
FTNT,Fortinet,Information Technology,Systems Software,2026-10-04,"Wikipedia List of S&P 500 companies, retrieved 2026-10-04"
FTV,Fortive,Industrials,Industrial Machinery & Supplies & Components,2026-10-04,"Wikipedia List of S&P 500 companies, retrieved 2026-10-04"
FOXA,Fox Corporation (Class A),Communication Services,Broadcasting,2026-10-04,"Wikipedia List of S&P 500 companies, retrieved 2026-10-04"
FOX,Fox Corporation (Class B),Communication Services,Broadcasting,2026-10-04,"Wikipedia List of S&P 500 companies, retrieved 2026-10-04"
BEN,Franklin Resources,Financials,Asset Management & Custody Banks,2026-10-04,"Wikipedia List of S&P 500 companies, retrieved 2026-10-04"
FCX,Freeport-McMoRan,Materials,Copper,2026-10-04,"Wikipedia List of S&P 500 companies, retrieved 2026-10-04"
GRMN,Garmin,Consumer Discretionary,Consumer Electronics,2026-10-04,"Wikipedia List of S&P 500 companies, retrieved 2026-10-04"
IT,Gartner,Information Technology,IT Consulting & Other Services,2026-10-04,"Wikipedia List of S&P 500 companies, retrieved 2026-10-04"
GE,GE Aerospace,Industrials,Aerospace & Defense,2026-10-04,"Wikipedia List of S&P 500 companies, retrieved 2026-10-04"
GEHC,GE HealthCare,Health Care,Health Care Equipment,2026-10-04,"Wikipedia List of S&P 500 companies, retrieved 2026-10-04"
GEV,GE Vernova,Industrials,Heavy Electrical Equipment,2026-10-04,"Wikipedia List of S&P 500 companies, retrieved 2026-10-04"
GEN,Gen Digital,Information Technology,Systems Software,2026-10-04,"Wikipedia List of S&P 500 companies, retrieved 2026-10-04"
GNRC,Generac,Industrials,Heavy Electrical Equipment,2026-10-04,"Wikipedia List of S&P 500 companies, retrieved 2026-10-04"
GD,General Dynamics,Industrials,Aerospace & Defense,2026-10-04,"Wikipedia List of S&P 500 companies, retrieved 2026-10-04"
GIS,General Mills,Consumer Staples,Packaged Foods & Meats,2026-10-04,"Wikipedia List of S&P 500 companies, retrieved 2026-10-04"
GM,General Motors,Consumer Discretionary,Automobile Manufacturers,2026-10-04,"Wikipedia List of S&P 500 companies, retrieved 2026-10-04"
GPC,Genuine Parts Company,Consumer Discretionary,Distributors,2026-10-04,"Wikipedia List of S&P 500 companies, retrieved 2026-10-04"
GILD,Gilead Sciences,Health Care,Biotechnology,2026-10-04,"Wikipedia List of S&P 500 companies, retrieved 2026-10-04"
GPN,Global Payments,Financials,Transaction & Payment Processing Services,2026-10-04,"Wikipedia List of S&P 500 companies, retrieved 2026-10-04"
GL,Globe Life,Financials,Life & Health Insurance,2026-10-04,"Wikipedia List of S&P 500 companies, retrieved 2026-10-04"
GDDY,GoDaddy,Information Technology,Internet Services & Infrastructure,2026-10-04,"Wikipedia List of S&P 500 companies, retrieved 2026-10-04"
GS,Goldman Sachs,Financials,Investment Banking & Brokerage,2026-10-04,"Wikipedia List of S&P 500 companies, retrieved 2026-10-04"
HAL,Halliburton,Energy,Oil & Gas Equipment & Services,2026-10-04,"Wikipedia List of S&P 500 companies, retrieved 2026-10-04"
HIG,Hartford (The),Financials,Property & Casualty Insurance,2026-10-04,"Wikipedia List of S&P 500 companies, retrieved 2026-10-04"
HAS,Hasbro,Consumer Discretionary,Leisure Products,2026-10-04,"Wikipedia List of S&P 500 companies, retrieved 2026-10-04"
HCA,HCA Healthcare,Health Care,Health Care Facilities,2026-10-04,"Wikipedia List of S&P 500 companies, retrieved 2026-10-04"
DOC,Healthpeak Properties,Real Estate,Health Care REITs,2026-10-04,"Wikipedia List of S&P 500 companies, retrieved 2026-10-04"
HSIC,Henry Schein,Health Care,Health Care Distributors,2026-10-04,"Wikipedia List of S&P 500 companies, retrieved 2026-10-04"
HSY,Hershey Company (The),Consumer Staples,Packaged Foods & Meats,2026-10-04,"Wikipedia List of S&P 500 companies, retrieved 2026-10-04"
HPE,Hewlett Packard Enterprise,Information Technology,"Technology Hardware, Storage & Peripherals",2026-10-04,"Wikipedia List of S&P 500 companies, retrieved 2026-10-04"
HLT,Hilton Worldwide,Consumer Discretionary,"Hotels, Resorts & Cruise Lines",2026-10-04,"Wikipedia List of S&P 500 companies, retrieved 2026-10-04"
HD,Home Depot (The),Consumer Discretionary,Home Improvement Retail,2026-10-04,"Wikipedia List of S&P 500 companies, retrieved 2026-10-04"
HONA,Honeywell Aerospace,Industrials,Aerospace & Defense,2026-10-04,"Wikipedia List of S&P 500 companies, retrieved 2026-10-04"
HON,Honeywell Technologies,Industrials,Industrial Conglomerates,2026-10-04,"Wikipedia List of S&P 500 companies, retrieved 2026-10-04"
HRL,Hormel Foods,Consumer Staples,Packaged Foods & Meats,2026-10-04,"Wikipedia List of S&P 500 companies, retrieved 2026-10-04"
HST,Host Hotels & Resorts,Real Estate,Hotel & Resort REITs,2026-10-04,"Wikipedia List of S&P 500 companies, retrieved 2026-10-04"
HWM,Howmet Aerospace,Industrials,Aerospace & Defense,2026-10-04,"Wikipedia List of S&P 500 companies, retrieved 2026-10-04"
HPQ,HP Inc.,Information Technology,"Technology Hardware, Storage & Peripherals",2026-10-04,"Wikipedia List of S&P 500 companies, retrieved 2026-10-04"
HUBB,Hubbell Incorporated,Industrials,Industrial Machinery & Supplies & Components,2026-10-04,"Wikipedia List of S&P 500 companies, retrieved 2026-10-04"
HUM,Humana,Health Care,Managed Health Care,2026-10-04,"Wikipedia List of S&P 500 companies, retrieved 2026-10-04"
HBAN,Huntington Bancshares,Financials,Regional Banks,2026-10-04,"Wikipedia List of S&P 500 companies, retrieved 2026-10-04"
HII,Huntington Ingalls Industries,Industrials,Aerospace & Defense,2026-10-04,"Wikipedia List of S&P 500 companies, retrieved 2026-10-04"
IBM,IBM,Information Technology,IT Consulting & Other Services,2026-10-04,"Wikipedia List of S&P 500 companies, retrieved 2026-10-04"
IEX,IDEX Corporation,Industrials,Industrial Machinery & Supplies & Components,2026-10-04,"Wikipedia List of S&P 500 companies, retrieved 2026-10-04"
IDXX,Idexx Laboratories,Health Care,Health Care Equipment,2026-10-04,"Wikipedia List of S&P 500 companies, retrieved 2026-10-04"
ITW,Illinois Tool Works,Industrials,Industrial Machinery & Supplies & Components,2026-10-04,"Wikipedia List of S&P 500 companies, retrieved 2026-10-04"
ILMN,"Illumina, Inc.",Health Care,Life Sciences Tools & Services,2026-10-04,"Wikipedia List of S&P 500 companies, retrieved 2026-10-04"
INCY,Incyte,Health Care,Biotechnology,2026-10-04,"Wikipedia List of S&P 500 companies, retrieved 2026-10-04"
IR,Ingersoll Rand,Industrials,Industrial Machinery & Supplies & Components,2026-10-04,"Wikipedia List of S&P 500 companies, retrieved 2026-10-04"
PODD,Insulet Corporation,Health Care,Health Care Equipment,2026-10-04,"Wikipedia List of S&P 500 companies, retrieved 2026-10-04"
INTC,Intel,Information Technology,Semiconductors,2026-10-04,"Wikipedia List of S&P 500 companies, retrieved 2026-10-04"
IBKR,Interactive Brokers,Financials,Investment Banking & Brokerage,2026-10-04,"Wikipedia List of S&P 500 companies, retrieved 2026-10-04"
ICE,Intercontinental Exchange,Financials,Financial Exchanges & Data,2026-10-04,"Wikipedia List of S&P 500 companies, retrieved 2026-10-04"
IFF,International Flavors & Fragrances,Materials,Specialty Chemicals,2026-10-04,"Wikipedia List of S&P 500 companies, retrieved 2026-10-04"
IP,International Paper,Materials,Paper & Plastic Packaging Products & Materials,2026-10-04,"Wikipedia List of S&P 500 companies, retrieved 2026-10-04"
INTU,Intuit,Information Technology,Application Software,2026-10-04,"Wikipedia List of S&P 500 companies, retrieved 2026-10-04"
ISRG,Intuitive Surgical,Health Care,Health Care Equipment,2026-10-04,"Wikipedia List of S&P 500 companies, retrieved 2026-10-04"
IVZ,Invesco,Financials,Asset Management & Custody Banks,2026-10-04,"Wikipedia List of S&P 500 companies, retrieved 2026-10-04"
INVH,Invitation Homes,Real Estate,Single-Family Residential REITs,2026-10-04,"Wikipedia List of S&P 500 companies, retrieved 2026-10-04"
IQV,IQVIA,Health Care,Life Sciences Tools & Services,2026-10-04,"Wikipedia List of S&P 500 companies, retrieved 2026-10-04"
IRM,Iron Mountain,Real Estate,Other Specialized REITs,2026-10-04,"Wikipedia List of S&P 500 companies, retrieved 2026-10-04"
JBHT,J.B. Hunt,Industrials,Cargo Ground Transportation,2026-10-04,"Wikipedia List of S&P 500 companies, retrieved 2026-10-04"
JBL,Jabil,Information Technology,Electronic Manufacturing Services,2026-10-04,"Wikipedia List of S&P 500 companies, retrieved 2026-10-04"
JKHY,Jack Henry & Associates,Financials,Transaction & Payment Processing Services,2026-10-04,"Wikipedia List of S&P 500 companies, retrieved 2026-10-04"
J,Jacobs Solutions,Industrials,Construction & Engineering,2026-10-04,"Wikipedia List of S&P 500 companies, retrieved 2026-10-04"
JNJ,Johnson & Johnson,Health Care,Pharmaceuticals,2026-10-04,"Wikipedia List of S&P 500 companies, retrieved 2026-10-04"
JCI,Johnson Controls,Industrials,Building Products,2026-10-04,"Wikipedia List of S&P 500 companies, retrieved 2026-10-04"
JPM,JPMorgan Chase,Financials,Diversified Banks,2026-10-04,"Wikipedia List of S&P 500 companies, retrieved 2026-10-04"
KVUE,Kenvue,Consumer Staples,Personal Care Products,2026-10-04,"Wikipedia List of S&P 500 companies, retrieved 2026-10-04"
KDP,Keurig Dr Pepper,Consumer Staples,Soft Drinks & Non-alcoholic Beverages,2026-10-04,"Wikipedia List of S&P 500 companies, retrieved 2026-10-04"
KEY,KeyCorp,Financials,Regional Banks,2026-10-04,"Wikipedia List of S&P 500 companies, retrieved 2026-10-04"
KEYS,Keysight Technologies,Information Technology,Electronic Equipment & Instruments,2026-10-04,"Wikipedia List of S&P 500 companies, retrieved 2026-10-04"
KMB,Kimberly-Clark,Consumer Staples,Household Products,2026-10-04,"Wikipedia List of S&P 500 companies, retrieved 2026-10-04"
KIM,Kimco Realty,Real Estate,Retail REITs,2026-10-04,"Wikipedia List of S&P 500 companies, retrieved 2026-10-04"
KMI,Kinder Morgan,Energy,Oil & Gas Storage & Transportation,2026-10-04,"Wikipedia List of S&P 500 companies, retrieved 2026-10-04"
KKR,KKR & Co.,Financials,Asset Management & Custody Banks,2026-10-04,"Wikipedia List of S&P 500 companies, retrieved 2026-10-04"
KLAC,KLA Corporation,Information Technology,Semiconductor Materials & Equipment,2026-10-04,"Wikipedia List of S&P 500 companies, retrieved 2026-10-04"
KHC,Kraft Heinz,Consumer Staples,Packaged Foods & Meats,2026-10-04,"Wikipedia List of S&P 500 companies, retrieved 2026-10-04"
KR,Kroger,Consumer Staples,Food Retail,2026-10-04,"Wikipedia List of S&P 500 companies, retrieved 2026-10-04"
LHX,L3Harris,Industrials,Aerospace & Defense,2026-10-04,"Wikipedia List of S&P 500 companies, retrieved 2026-10-04"
LH,Labcorp,Health Care,Health Care Services,2026-10-04,"Wikipedia List of S&P 500 companies, retrieved 2026-10-04"
LRCX,Lam Research,Information Technology,Semiconductor Materials & Equipment,2026-10-04,"Wikipedia List of S&P 500 companies, retrieved 2026-10-04"
LVS,Las Vegas Sands,Consumer Discretionary,Casinos & Gaming,2026-10-04,"Wikipedia List of S&P 500 companies, retrieved 2026-10-04"
LDOS,Leidos,Industrials,Diversified Support Services,2026-10-04,"Wikipedia List of S&P 500 companies, retrieved 2026-10-04"
LEN,Lennar,Consumer Discretionary,Homebuilding,2026-10-04,"Wikipedia List of S&P 500 companies, retrieved 2026-10-04"
LII,Lennox International,Industrials,Building Products,2026-10-04,"Wikipedia List of S&P 500 companies, retrieved 2026-10-04"
LLY,Lilly (Eli),Health Care,Pharmaceuticals,2026-10-04,"Wikipedia List of S&P 500 companies, retrieved 2026-10-04"
LIN,Linde plc,Materials,Industrial Gases,2026-10-04,"Wikipedia List of S&P 500 companies, retrieved 2026-10-04"
LYV,Live Nation Entertainment,Communication Services,Movies & Entertainment,2026-10-04,"Wikipedia List of S&P 500 companies, retrieved 2026-10-04"
LMT,Lockheed Martin,Industrials,Aerospace & Defense,2026-10-04,"Wikipedia List of S&P 500 companies, retrieved 2026-10-04"
L,Loews Corporation,Financials,Multi-line Insurance,2026-10-04,"Wikipedia List of S&P 500 companies, retrieved 2026-10-04"
LOW,Lowe's,Consumer Discretionary,Home Improvement Retail,2026-10-04,"Wikipedia List of S&P 500 companies, retrieved 2026-10-04"
LULU,Lululemon Athletica,Consumer Discretionary,"Apparel, Accessories & Luxury Goods",2026-10-04,"Wikipedia List of S&P 500 companies, retrieved 2026-10-04"
LITE,Lumentum,Information Technology,Communications Equipment,2026-10-04,"Wikipedia List of S&P 500 companies, retrieved 2026-10-04"
LYB,LyondellBasell,Materials,Specialty Chemicals,2026-10-04,"Wikipedia List of S&P 500 companies, retrieved 2026-10-04"
MTB,M&T Bank,Financials,Regional Banks,2026-10-04,"Wikipedia List of S&P 500 companies, retrieved 2026-10-04"
MPC,Marathon Petroleum,Energy,Oil & Gas Refining & Marketing,2026-10-04,"Wikipedia List of S&P 500 companies, retrieved 2026-10-04"
MAR,Marriott International,Consumer Discretionary,"Hotels, Resorts & Cruise Lines",2026-10-04,"Wikipedia List of S&P 500 companies, retrieved 2026-10-04"
MRSH,Marsh McLennan,Financials,Insurance Brokers,2026-10-04,"Wikipedia List of S&P 500 companies, retrieved 2026-10-04"
MLM,Martin Marietta Materials,Materials,Construction Materials,2026-10-04,"Wikipedia List of S&P 500 companies, retrieved 2026-10-04"
MRVL,Marvell Technology,Information Technology,Semiconductors,2026-10-04,"Wikipedia List of S&P 500 companies, retrieved 2026-10-04"
MAS,Masco,Industrials,Building Products,2026-10-04,"Wikipedia List of S&P 500 companies, retrieved 2026-10-04"
MA,Mastercard,Financials,Transaction & Payment Processing Services,2026-10-04,"Wikipedia List of S&P 500 companies, retrieved 2026-10-04"
MKC,McCormick & Company,Consumer Staples,Packaged Foods & Meats,2026-10-04,"Wikipedia List of S&P 500 companies, retrieved 2026-10-04"
MCD,McDonald's,Consumer Discretionary,Restaurants,2026-10-04,"Wikipedia List of S&P 500 companies, retrieved 2026-10-04"
MCK,McKesson Corporation,Health Care,Health Care Distributors,2026-10-04,"Wikipedia List of S&P 500 companies, retrieved 2026-10-04"
MDT,Medtronic,Health Care,Health Care Equipment,2026-10-04,"Wikipedia List of S&P 500 companies, retrieved 2026-10-04"
MRK,Merck & Co.,Health Care,Pharmaceuticals,2026-10-04,"Wikipedia List of S&P 500 companies, retrieved 2026-10-04"
META,Meta Platforms,Communication Services,Interactive Media & Services,2026-10-04,"Wikipedia List of S&P 500 companies, retrieved 2026-10-04"
MET,MetLife,Financials,Life & Health Insurance,2026-10-04,"Wikipedia List of S&P 500 companies, retrieved 2026-10-04"
MTD,Mettler Toledo,Health Care,Life Sciences Tools & Services,2026-10-04,"Wikipedia List of S&P 500 companies, retrieved 2026-10-04"
MGM,MGM Resorts,Consumer Discretionary,Casinos & Gaming,2026-10-04,"Wikipedia List of S&P 500 companies, retrieved 2026-10-04"
MCHP,Microchip Technology,Information Technology,Semiconductors,2026-10-04,"Wikipedia List of S&P 500 companies, retrieved 2026-10-04"
MU,Micron Technology,Information Technology,Semiconductors,2026-10-04,"Wikipedia List of S&P 500 companies, retrieved 2026-10-04"
MSFT,Microsoft,Information Technology,Systems Software,2026-10-04,"Wikipedia List of S&P 500 companies, retrieved 2026-10-04"
MAA,Mid-America Apartment Communities,Real Estate,Multi-Family Residential REITs,2026-10-04,"Wikipedia List of S&P 500 companies, retrieved 2026-10-04"
MRNA,Moderna,Health Care,Biotechnology,2026-10-04,"Wikipedia List of S&P 500 companies, retrieved 2026-10-04"
MDLZ,Mondelez International,Consumer Staples,Packaged Foods & Meats,2026-10-04,"Wikipedia List of S&P 500 companies, retrieved 2026-10-04"
MPWR,Monolithic Power Systems,Information Technology,Semiconductors,2026-10-04,"Wikipedia List of S&P 500 companies, retrieved 2026-10-04"
MNST,Monster Beverage,Consumer Staples,Soft Drinks & Non-alcoholic Beverages,2026-10-04,"Wikipedia List of S&P 500 companies, retrieved 2026-10-04"
MCO,Moody's Corporation,Financials,Financial Exchanges & Data,2026-10-04,"Wikipedia List of S&P 500 companies, retrieved 2026-10-04"
MS,Morgan Stanley,Financials,Investment Banking & Brokerage,2026-10-04,"Wikipedia List of S&P 500 companies, retrieved 2026-10-04"
MOS,Mosaic Company (The),Materials,Fertilizers & Agricultural Chemicals,2026-10-04,"Wikipedia List of S&P 500 companies, retrieved 2026-10-04"
MSI,Motorola Solutions,Information Technology,Communications Equipment,2026-10-04,"Wikipedia List of S&P 500 companies, retrieved 2026-10-04"
MSCI,MSCI,Financials,Financial Exchanges & Data,2026-10-04,"Wikipedia List of S&P 500 companies, retrieved 2026-10-04"
NDAQ,"Nasdaq, Inc.",Financials,Financial Exchanges & Data,2026-10-04,"Wikipedia List of S&P 500 companies, retrieved 2026-10-04"
NTAP,NetApp,Information Technology,"Technology Hardware, Storage & Peripherals",2026-10-04,"Wikipedia List of S&P 500 companies, retrieved 2026-10-04"
NFLX,Netflix,Communication Services,Movies & Entertainment,2026-10-04,"Wikipedia List of S&P 500 companies, retrieved 2026-10-04"
NEM,Newmont,Materials,Gold,2026-10-04,"Wikipedia List of S&P 500 companies, retrieved 2026-10-04"
NWSA,News Corp (Class A),Communication Services,Publishing,2026-10-04,"Wikipedia List of S&P 500 companies, retrieved 2026-10-04"
NWS,News Corp (Class B),Communication Services,Publishing,2026-10-04,"Wikipedia List of S&P 500 companies, retrieved 2026-10-04"
NEE,NextEra Energy,Utilities,Multi-Utilities,2026-10-04,"Wikipedia List of S&P 500 companies, retrieved 2026-10-04"
NKE,"Nike, Inc.",Consumer Discretionary,"Apparel, Accessories & Luxury Goods",2026-10-04,"Wikipedia List of S&P 500 companies, retrieved 2026-10-04"
NI,NiSource,Utilities,Multi-Utilities,2026-10-04,"Wikipedia List of S&P 500 companies, retrieved 2026-10-04"
NDSN,Nordson Corporation,Industrials,Industrial Machinery & Supplies & Components,2026-10-04,"Wikipedia List of S&P 500 companies, retrieved 2026-10-04"
NSC,Norfolk Southern,Industrials,Rail Transportation,2026-10-04,"Wikipedia List of S&P 500 companies, retrieved 2026-10-04"
NTRS,Northern Trust,Financials,Asset Management & Custody Banks,2026-10-04,"Wikipedia List of S&P 500 companies, retrieved 2026-10-04"
NOC,Northrop Grumman,Industrials,Aerospace & Defense,2026-10-04,"Wikipedia List of S&P 500 companies, retrieved 2026-10-04"
NCLH,Norwegian Cruise Line Holdings,Consumer Discretionary,"Hotels, Resorts & Cruise Lines",2026-10-04,"Wikipedia List of S&P 500 companies, retrieved 2026-10-04"
NRG,NRG Energy,Utilities,Independent Power Producers & Energy Traders,2026-10-04,"Wikipedia List of S&P 500 companies, retrieved 2026-10-04"
NUE,Nucor,Materials,Steel,2026-10-04,"Wikipedia List of S&P 500 companies, retrieved 2026-10-04"
NVDA,Nvidia,Information Technology,Semiconductors,2026-10-04,"Wikipedia List of S&P 500 companies, retrieved 2026-10-04"
NVR,"NVR, Inc.",Consumer Discretionary,Homebuilding,2026-10-04,"Wikipedia List of S&P 500 companies, retrieved 2026-10-04"
NXPI,NXP Semiconductors,Information Technology,Semiconductors,2026-10-04,"Wikipedia List of S&P 500 companies, retrieved 2026-10-04"
ORLY,O'Reilly Automotive,Consumer Discretionary,Automotive Retail,2026-10-04,"Wikipedia List of S&P 500 companies, retrieved 2026-10-04"
OXY,Occidental Petroleum,Energy,Oil & Gas Exploration & Production,2026-10-04,"Wikipedia List of S&P 500 companies, retrieved 2026-10-04"
ODFL,Old Dominion,Industrials,Cargo Ground Transportation,2026-10-04,"Wikipedia List of S&P 500 companies, retrieved 2026-10-04"
OMC,Omnicom Group,Communication Services,Advertising,2026-10-04,"Wikipedia List of S&P 500 companies, retrieved 2026-10-04"
ON,ON Semiconductor,Information Technology,Semiconductors,2026-10-04,"Wikipedia List of S&P 500 companies, retrieved 2026-10-04"
OKE,Oneok,Energy,Oil & Gas Storage & Transportation,2026-10-04,"Wikipedia List of S&P 500 companies, retrieved 2026-10-04"
ORCL,Oracle Corporation,Information Technology,Application Software,2026-10-04,"Wikipedia List of S&P 500 companies, retrieved 2026-10-04"
OTIS,Otis Worldwide,Industrials,Industrial Machinery & Supplies & Components,2026-10-04,"Wikipedia List of S&P 500 companies, retrieved 2026-10-04"
PCAR,Paccar,Industrials,Construction Machinery & Heavy Transportation Equipment,2026-10-04,"Wikipedia List of S&P 500 companies, retrieved 2026-10-04"
PKG,Packaging Corporation of America,Materials,Paper & Plastic Packaging Products & Materials,2026-10-04,"Wikipedia List of S&P 500 companies, retrieved 2026-10-04"
PLTR,Palantir Technologies,Information Technology,Application Software,2026-10-04,"Wikipedia List of S&P 500 companies, retrieved 2026-10-04"
PANW,Palo Alto Networks,Information Technology,Systems Software,2026-10-04,"Wikipedia List of S&P 500 companies, retrieved 2026-10-04"
PSKY,Paramount Skydance Corporation,Communication Services,Movies & Entertainment,2026-10-04,"Wikipedia List of S&P 500 companies, retrieved 2026-10-04"
PH,Parker Hannifin,Industrials,Industrial Machinery & Supplies & Components,2026-10-04,"Wikipedia List of S&P 500 companies, retrieved 2026-10-04"
PAYX,Paychex,Industrials,Human Resource & Employment Services,2026-10-04,"Wikipedia List of S&P 500 companies, retrieved 2026-10-04"
PYPL,PayPal,Financials,Transaction & Payment Processing Services,2026-10-04,"Wikipedia List of S&P 500 companies, retrieved 2026-10-04"
PNR,Pentair,Industrials,Industrial Machinery & Supplies & Components,2026-10-04,"Wikipedia List of S&P 500 companies, retrieved 2026-10-04"
PEP,PepsiCo,Consumer Staples,Soft Drinks & Non-alcoholic Beverages,2026-10-04,"Wikipedia List of S&P 500 companies, retrieved 2026-10-04"
PFE,Pfizer,Health Care,Pharmaceuticals,2026-10-04,"Wikipedia List of S&P 500 companies, retrieved 2026-10-04"
PCG,PG&E Corporation,Utilities,Multi-Utilities,2026-10-04,"Wikipedia List of S&P 500 companies, retrieved 2026-10-04"
PM,Philip Morris International,Consumer Staples,Tobacco,2026-10-04,"Wikipedia List of S&P 500 companies, retrieved 2026-10-04"
PSX,Phillips 66,Energy,Oil & Gas Refining & Marketing,2026-10-04,"Wikipedia List of S&P 500 companies, retrieved 2026-10-04"
PNW,Pinnacle West Capital,Utilities,Multi-Utilities,2026-10-04,"Wikipedia List of S&P 500 companies, retrieved 2026-10-04"
PNC,PNC Financial Services,Financials,Diversified Banks,2026-10-04,"Wikipedia List of S&P 500 companies, retrieved 2026-10-04"
PPG,PPG Industries,Materials,Specialty Chemicals,2026-10-04,"Wikipedia List of S&P 500 companies, retrieved 2026-10-04"
PPL,PPL Corporation,Utilities,Electric Utilities,2026-10-04,"Wikipedia List of S&P 500 companies, retrieved 2026-10-04"
PFG,Principal Financial Group,Financials,Life & Health Insurance,2026-10-04,"Wikipedia List of S&P 500 companies, retrieved 2026-10-04"
PG,Procter & Gamble,Consumer Staples,Personal Care Products,2026-10-04,"Wikipedia List of S&P 500 companies, retrieved 2026-10-04"
PGR,Progressive Corporation,Financials,Property & Casualty Insurance,2026-10-04,"Wikipedia List of S&P 500 companies, retrieved 2026-10-04"
PLD,Prologis,Real Estate,Industrial REITs,2026-10-04,"Wikipedia List of S&P 500 companies, retrieved 2026-10-04"
PRU,Prudential Financial,Financials,Life & Health Insurance,2026-10-04,"Wikipedia List of S&P 500 companies, retrieved 2026-10-04"
PEG,Public Service Enterprise Group,Utilities,Electric Utilities,2026-10-04,"Wikipedia List of S&P 500 companies, retrieved 2026-10-04"
PTC,PTC Inc.,Information Technology,Application Software,2026-10-04,"Wikipedia List of S&P 500 companies, retrieved 2026-10-04"
PSA,Public Storage,Real Estate,Self-Storage REITs,2026-10-04,"Wikipedia List of S&P 500 companies, retrieved 2026-10-04"
PHM,PulteGroup,Consumer Discretionary,Homebuilding,2026-10-04,"Wikipedia List of S&P 500 companies, retrieved 2026-10-04"
PWR,Quanta Services,Industrials,Construction & Engineering,2026-10-04,"Wikipedia List of S&P 500 companies, retrieved 2026-10-04"
QCOM,Qualcomm,Information Technology,Semiconductors,2026-10-04,"Wikipedia List of S&P 500 companies, retrieved 2026-10-04"
DGX,Quest Diagnostics,Health Care,Health Care Services,2026-10-04,"Wikipedia List of S&P 500 companies, retrieved 2026-10-04"
Q,Qnity Electronics,Information Technology,Semiconductor Materials & Equipment,2026-10-04,"Wikipedia List of S&P 500 companies, retrieved 2026-10-04"
RL,Ralph Lauren Corporation,Consumer Discretionary,"Apparel, Accessories & Luxury Goods",2026-10-04,"Wikipedia List of S&P 500 companies, retrieved 2026-10-04"
RJF,Raymond James Financial,Financials,Investment Banking & Brokerage,2026-10-04,"Wikipedia List of S&P 500 companies, retrieved 2026-10-04"
RDDT,Reddit,Communication Services,Interactive Media & Services,2026-10-04,"Wikipedia List of S&P 500 companies, retrieved 2026-10-04"
RTX,RTX Corporation,Industrials,Aerospace & Defense,2026-10-04,"Wikipedia List of S&P 500 companies, retrieved 2026-10-04"
O,Realty Income,Real Estate,Retail REITs,2026-10-04,"Wikipedia List of S&P 500 companies, retrieved 2026-10-04"
REG,Regency Centers,Real Estate,Retail REITs,2026-10-04,"Wikipedia List of S&P 500 companies, retrieved 2026-10-04"
REGN,Regeneron Pharmaceuticals,Health Care,Biotechnology,2026-10-04,"Wikipedia List of S&P 500 companies, retrieved 2026-10-04"
RF,Regions Financial Corporation,Financials,Regional Banks,2026-10-04,"Wikipedia List of S&P 500 companies, retrieved 2026-10-04"
RSG,Republic Services,Industrials,Environmental & Facilities Services,2026-10-04,"Wikipedia List of S&P 500 companies, retrieved 2026-10-04"
RMD,ResMed|,Health Care,Health Care Equipment,2026-10-04,"Wikipedia List of S&P 500 companies, retrieved 2026-10-04"
RVTY,Revvity,Health Care,Health Care Equipment,2026-10-04,"Wikipedia List of S&P 500 companies, retrieved 2026-10-04"
HOOD,Robinhood Markets,Financials,Investment Banking & Brokerage,2026-10-04,"Wikipedia List of S&P 500 companies, retrieved 2026-10-04"
ROK,Rockwell Automation,Industrials,Electrical Components & Equipment,2026-10-04,"Wikipedia List of S&P 500 companies, retrieved 2026-10-04"
ROL,"Rollins, Inc.",Industrials,Environmental & Facilities Services,2026-10-04,"Wikipedia List of S&P 500 companies, retrieved 2026-10-04"
ROP,Roper Technologies,Information Technology,Electronic Equipment & Instruments,2026-10-04,"Wikipedia List of S&P 500 companies, retrieved 2026-10-04"
ROST,Ross Stores,Consumer Discretionary,Apparel Retail,2026-10-04,"Wikipedia List of S&P 500 companies, retrieved 2026-10-04"
RCL,Royal Caribbean Group,Consumer Discretionary,"Hotels, Resorts & Cruise Lines",2026-10-04,"Wikipedia List of S&P 500 companies, retrieved 2026-10-04"
SPGI,S&P Global,Financials,Financial Exchanges & Data,2026-10-04,"Wikipedia List of S&P 500 companies, retrieved 2026-10-04"
CRM,Salesforce,Information Technology,Application Software,2026-10-04,"Wikipedia List of S&P 500 companies, retrieved 2026-10-04"
SNDK,Sandisk,Information Technology,"Technology Hardware, Storage & Peripherals",2026-10-04,"Wikipedia List of S&P 500 companies, retrieved 2026-10-04"
SBAC,SBA Communications,Real Estate,Telecom Tower REITs,2026-10-04,"Wikipedia List of S&P 500 companies, retrieved 2026-10-04"
SLB,Schlumberger,Energy,Oil & Gas Equipment & Services,2026-10-04,"Wikipedia List of S&P 500 companies, retrieved 2026-10-04"
STX,Seagate Technology,Information Technology,"Technology Hardware, Storage & Peripherals",2026-10-04,"Wikipedia List of S&P 500 companies, retrieved 2026-10-04"
SRE,Sempra,Utilities,Multi-Utilities,2026-10-04,"Wikipedia List of S&P 500 companies, retrieved 2026-10-04"
NOW,ServiceNow,Information Technology,Systems Software,2026-10-04,"Wikipedia List of S&P 500 companies, retrieved 2026-10-04"
SHW,Sherwin-Williams,Materials,Specialty Chemicals,2026-10-04,"Wikipedia List of S&P 500 companies, retrieved 2026-10-04"
SPG,Simon Property Group,Real Estate,Retail REITs,2026-10-04,"Wikipedia List of S&P 500 companies, retrieved 2026-10-04"
SWKS,Skyworks Solutions,Information Technology,Semiconductors,2026-10-04,"Wikipedia List of S&P 500 companies, retrieved 2026-10-04"
SJM,J.M. Smucker Company (The),Consumer Staples,Packaged Foods & Meats,2026-10-04,"Wikipedia List of S&P 500 companies, retrieved 2026-10-04"
SW,Smurfit Westrock,Materials,Paper & Plastic Packaging Products & Materials,2026-10-04,"Wikipedia List of S&P 500 companies, retrieved 2026-10-04"
SNA,Snap-on,Industrials,Industrial Machinery & Supplies & Components,2026-10-04,"Wikipedia List of S&P 500 companies, retrieved 2026-10-04"
SOLV,Solventum,Health Care,Health Care Technology,2026-10-04,"Wikipedia List of S&P 500 companies, retrieved 2026-10-04"
SO,Southern Company,Utilities,Electric Utilities,2026-10-04,"Wikipedia List of S&P 500 companies, retrieved 2026-10-04"
LUV,Southwest Airlines,Industrials,Passenger Airlines,2026-10-04,"Wikipedia List of S&P 500 companies, retrieved 2026-10-04"
SWK,Stanley Black & Decker,Industrials,Industrial Machinery & Supplies & Components,2026-10-04,"Wikipedia List of S&P 500 companies, retrieved 2026-10-04"
SBUX,Starbucks,Consumer Discretionary,Restaurants,2026-10-04,"Wikipedia List of S&P 500 companies, retrieved 2026-10-04"
STT,State Street Corporation,Financials,Asset Management & Custody Banks,2026-10-04,"Wikipedia List of S&P 500 companies, retrieved 2026-10-04"
STLD,Steel Dynamics,Materials,Steel,2026-10-04,"Wikipedia List of S&P 500 companies, retrieved 2026-10-04"
STE,Steris,Health Care,Health Care Equipment,2026-10-04,"Wikipedia List of S&P 500 companies, retrieved 2026-10-04"
SYK,Stryker Corporation,Health Care,Health Care Equipment,2026-10-04,"Wikipedia List of S&P 500 companies, retrieved 2026-10-04"
SMCI,Supermicro,Information Technology,"Technology Hardware, Storage & Peripherals",2026-10-04,"Wikipedia List of S&P 500 companies, retrieved 2026-10-04"
SYF,Synchrony Financial,Financials,Consumer Finance,2026-10-04,"Wikipedia List of S&P 500 companies, retrieved 2026-10-04"
SNPS,Synopsys,Information Technology,Application Software,2026-10-04,"Wikipedia List of S&P 500 companies, retrieved 2026-10-04"
SYY,Sysco,Consumer Staples,Food Distributors,2026-10-04,"Wikipedia List of S&P 500 companies, retrieved 2026-10-04"
TMUS,T-Mobile US,Communication Services,Wireless Telecommunication Services,2026-10-04,"Wikipedia List of S&P 500 companies, retrieved 2026-10-04"
TROW,T. Rowe Price,Financials,Asset Management & Custody Banks,2026-10-04,"Wikipedia List of S&P 500 companies, retrieved 2026-10-04"
TTWO,Take-Two Interactive,Communication Services,Interactive Home Entertainment,2026-10-04,"Wikipedia List of S&P 500 companies, retrieved 2026-10-04"
TPR,"Tapestry, Inc.",Consumer Discretionary,"Apparel, Accessories & Luxury Goods",2026-10-04,"Wikipedia List of S&P 500 companies, retrieved 2026-10-04"
TRGP,Targa Resources,Energy,Oil & Gas Storage & Transportation,2026-10-04,"Wikipedia List of S&P 500 companies, retrieved 2026-10-04"
TGT,Target Corporation,Consumer Staples,Consumer Staples Merchandise Retail,2026-10-04,"Wikipedia List of S&P 500 companies, retrieved 2026-10-04"
TEL,TE Connectivity,Information Technology,Electronic Manufacturing Services,2026-10-04,"Wikipedia List of S&P 500 companies, retrieved 2026-10-04"
TDY,Teledyne Technologies,Information Technology,Electronic Equipment & Instruments,2026-10-04,"Wikipedia List of S&P 500 companies, retrieved 2026-10-04"
TER,Teradyne,Information Technology,Semiconductor Materials & Equipment,2026-10-04,"Wikipedia List of S&P 500 companies, retrieved 2026-10-04"
TSLA,"Tesla, Inc.",Consumer Discretionary,Automobile Manufacturers,2026-10-04,"Wikipedia List of S&P 500 companies, retrieved 2026-10-04"
TXN,Texas Instruments,Information Technology,Semiconductors,2026-10-04,"Wikipedia List of S&P 500 companies, retrieved 2026-10-04"
TPL,Texas Pacific Land Corporation,Energy,Oil & Gas Exploration & Production,2026-10-04,"Wikipedia List of S&P 500 companies, retrieved 2026-10-04"
TXT,Textron,Industrials,Aerospace & Defense,2026-10-04,"Wikipedia List of S&P 500 companies, retrieved 2026-10-04"
TMO,Thermo Fisher Scientific,Health Care,Life Sciences Tools & Services,2026-10-04,"Wikipedia List of S&P 500 companies, retrieved 2026-10-04"
TJX,TJX Companies,Consumer Discretionary,Apparel Retail,2026-10-04,"Wikipedia List of S&P 500 companies, retrieved 2026-10-04"
TKO,TKO Group Holdings,Communication Services,Movies & Entertainment,2026-10-04,"Wikipedia List of S&P 500 companies, retrieved 2026-10-04"
TSCO,Tractor Supply,Consumer Discretionary,Other Specialty Retail,2026-10-04,"Wikipedia List of S&P 500 companies, retrieved 2026-10-04"
TT,Trane Technologies,Industrials,Building Products,2026-10-04,"Wikipedia List of S&P 500 companies, retrieved 2026-10-04"
TDG,TransDigm Group,Industrials,Aerospace & Defense,2026-10-04,"Wikipedia List of S&P 500 companies, retrieved 2026-10-04"
TRV,Travelers Companies (The),Financials,Property & Casualty Insurance,2026-10-04,"Wikipedia List of S&P 500 companies, retrieved 2026-10-04"
TRMB,Trimble Inc.,Information Technology,Application Software,2026-10-04,"Wikipedia List of S&P 500 companies, retrieved 2026-10-04"
TFC,Truist Financial,Financials,Diversified Banks,2026-10-04,"Wikipedia List of S&P 500 companies, retrieved 2026-10-04"
TYL,Tyler Technologies,Information Technology,Application Software,2026-10-04,"Wikipedia List of S&P 500 companies, retrieved 2026-10-04"
TSN,Tyson Foods,Consumer Staples,Packaged Foods & Meats,2026-10-04,"Wikipedia List of S&P 500 companies, retrieved 2026-10-04"
USB,U.S. Bancorp,Financials,Diversified Banks,2026-10-04,"Wikipedia List of S&P 500 companies, retrieved 2026-10-04"
UBER,Uber,Industrials,Passenger Ground Transportation,2026-10-04,"Wikipedia List of S&P 500 companies, retrieved 2026-10-04"
UDR,"UDR, Inc.",Real Estate,Multi-Family Residential REITs,2026-10-04,"Wikipedia List of S&P 500 companies, retrieved 2026-10-04"
ULTA,Ulta Beauty,Consumer Discretionary,Other Specialty Retail,2026-10-04,"Wikipedia List of S&P 500 companies, retrieved 2026-10-04"
UNP,Union Pacific Corporation,Industrials,Rail Transportation,2026-10-04,"Wikipedia List of S&P 500 companies, retrieved 2026-10-04"
UAL,United Airlines Holdings,Industrials,Passenger Airlines,2026-10-04,"Wikipedia List of S&P 500 companies, retrieved 2026-10-04"
UPS,United Parcel Service,Industrials,Air Freight & Logistics,2026-10-04,"Wikipedia List of S&P 500 companies, retrieved 2026-10-04"
URI,United Rentals,Industrials,Trading Companies & Distributors,2026-10-04,"Wikipedia List of S&P 500 companies, retrieved 2026-10-04"
UNH,UnitedHealth Group,Health Care,Managed Health Care,2026-10-04,"Wikipedia List of S&P 500 companies, retrieved 2026-10-04"
UHS,Universal Health Services,Health Care,Health Care Facilities,2026-10-04,"Wikipedia List of S&P 500 companies, retrieved 2026-10-04"
VLO,Valero Energy,Energy,Oil & Gas Refining & Marketing,2026-10-04,"Wikipedia List of S&P 500 companies, retrieved 2026-10-04"
VEEV,Veeva Systems,Health Care,Health Care Technology,2026-10-04,"Wikipedia List of S&P 500 companies, retrieved 2026-10-04"
VTR,Ventas,Real Estate,Health Care REITs,2026-10-04,"Wikipedia List of S&P 500 companies, retrieved 2026-10-04"
VLTO,Veralto,Industrials,Environmental & Facilities Services,2026-10-04,"Wikipedia List of S&P 500 companies, retrieved 2026-10-04"
VRSN,Verisign,Information Technology,Internet Services & Infrastructure,2026-10-04,"Wikipedia List of S&P 500 companies, retrieved 2026-10-04"
VRSK,Verisk Analytics,Industrials,Research & Consulting Services,2026-10-04,"Wikipedia List of S&P 500 companies, retrieved 2026-10-04"
VZ,Verizon,Communication Services,Integrated Telecommunication Services,2026-10-04,"Wikipedia List of S&P 500 companies, retrieved 2026-10-04"
VRTX,Vertex Pharmaceuticals,Health Care,Biotechnology,2026-10-04,"Wikipedia List of S&P 500 companies, retrieved 2026-10-04"
VRT,Vertiv,Industrials,Electrical Components & Equipment,2026-10-04,"Wikipedia List of S&P 500 companies, retrieved 2026-10-04"
VTRS,Viatris,Health Care,Pharmaceuticals,2026-10-04,"Wikipedia List of S&P 500 companies, retrieved 2026-10-04"
VICI,Vici Properties,Real Estate,Hotel & Resort REITs,2026-10-04,"Wikipedia List of S&P 500 companies, retrieved 2026-10-04"
V,Visa Inc.,Financials,Transaction & Payment Processing Services,2026-10-04,"Wikipedia List of S&P 500 companies, retrieved 2026-10-04"
VST,Vistra Corp.,Utilities,Electric Utilities,2026-10-04,"Wikipedia List of S&P 500 companies, retrieved 2026-10-04"
VMRK,Vivmark Residential,Real Estate,Multi-Family Residential REITs,2026-10-04,"Wikipedia List of S&P 500 companies, retrieved 2026-10-04"
VMC,Vulcan Materials Company,Materials,Construction Materials,2026-10-04,"Wikipedia List of S&P 500 companies, retrieved 2026-10-04"
WRB,W. R. Berkley Corporation,Financials,Property & Casualty Insurance,2026-10-04,"Wikipedia List of S&P 500 companies, retrieved 2026-10-04"
GWW,W. W. Grainger,Industrials,Industrial Machinery & Supplies & Components,2026-10-04,"Wikipedia List of S&P 500 companies, retrieved 2026-10-04"
WAB,Wabtec,Industrials,Construction Machinery & Heavy Transportation Equipment,2026-10-04,"Wikipedia List of S&P 500 companies, retrieved 2026-10-04"
WMT,Walmart,Consumer Staples,Consumer Staples Merchandise Retail,2026-10-04,"Wikipedia List of S&P 500 companies, retrieved 2026-10-04"
DIS,Walt Disney Company (The),Communication Services,Movies & Entertainment,2026-10-04,"Wikipedia List of S&P 500 companies, retrieved 2026-10-04"
WBD,Warner Bros. Discovery,Communication Services,Broadcasting,2026-10-04,"Wikipedia List of S&P 500 companies, retrieved 2026-10-04"
WM,Waste Management,Industrials,Environmental & Facilities Services,2026-10-04,"Wikipedia List of S&P 500 companies, retrieved 2026-10-04"
WAT,Waters Corporation,Health Care,Life Sciences Tools & Services,2026-10-04,"Wikipedia List of S&P 500 companies, retrieved 2026-10-04"
WEC,WEC Energy Group,Utilities,Electric Utilities,2026-10-04,"Wikipedia List of S&P 500 companies, retrieved 2026-10-04"
WFC,Wells Fargo,Financials,Diversified Banks,2026-10-04,"Wikipedia List of S&P 500 companies, retrieved 2026-10-04"
WELL,Welltower,Real Estate,Health Care REITs,2026-10-04,"Wikipedia List of S&P 500 companies, retrieved 2026-10-04"
WST,West Pharmaceutical Services,Health Care,Health Care Supplies,2026-10-04,"Wikipedia List of S&P 500 companies, retrieved 2026-10-04"
WDC,Western Digital,Information Technology,"Technology Hardware, Storage & Peripherals",2026-10-04,"Wikipedia List of S&P 500 companies, retrieved 2026-10-04"
WY,Weyerhaeuser,Real Estate,Timber REITs,2026-10-04,"Wikipedia List of S&P 500 companies, retrieved 2026-10-04"
WSM,"Williams-Sonoma, Inc.",Consumer Discretionary,Homefurnishing Retail,2026-10-04,"Wikipedia List of S&P 500 companies, retrieved 2026-10-04"
WMB,Williams Companies,Energy,Oil & Gas Storage & Transportation,2026-10-04,"Wikipedia List of S&P 500 companies, retrieved 2026-10-04"
WTW,Willis Towers Watson,Financials,Insurance Brokers,2026-10-04,"Wikipedia List of S&P 500 companies, retrieved 2026-10-04"
WDAY,"Workday, Inc.",Information Technology,Application Software,2026-10-04,"Wikipedia List of S&P 500 companies, retrieved 2026-10-04"
WYNN,Wynn Resorts,Consumer Discretionary,Casinos & Gaming,2026-10-04,"Wikipedia List of S&P 500 companies, retrieved 2026-10-04"
XEL,Xcel Energy,Utilities,Multi-Utilities,2026-10-04,"Wikipedia List of S&P 500 companies, retrieved 2026-10-04"
XYL,Xylem Inc.,Industrials,Industrial Machinery & Supplies & Components,2026-10-04,"Wikipedia List of S&P 500 companies, retrieved 2026-10-04"
YUM,Yum! Brands,Consumer Discretionary,Restaurants,2026-10-04,"Wikipedia List of S&P 500 companies, retrieved 2026-10-04"
ZBRA,Zebra Technologies,Information Technology,Electronic Equipment & Instruments,2026-10-04,"Wikipedia List of S&P 500 companies, retrieved 2026-10-04"
ZBH,Zimmer Biomet,Health Care,Health Care Equipment,2026-10-04,"Wikipedia List of S&P 500 companies, retrieved 2026-10-04"
ZTS,Zoetis,Health Care,Pharmaceuticals,2026-10-04,"Wikipedia List of S&P 500 companies, retrieved 2026-10-04"
